id,rtti_name,short_name,vtable_rva
1,ActionStateUpdatedEvent,actionstateupdated,0x2a5ea50
2,ActivateEvent,activate,0x2a5e938
3,ActivateDefaultStanceEvent,activatedefaultstance,0x2b26d00
4,ActivateEffectEvent,activateeffect,0x2b47258
5,ActivateSensorEvent,activatesensor,0x2a86970
6,ActorTransferPodArrivedEvent,actortransferpodarrived,0x2b42b08
7,AddCollisionFilterEvent,addcollisionfilter,0x2b43240
8,AddMapBlipEvent,addmapblip,0x2b43080
9,AddOxygenTimeEvent,addoxygentime,0x2b42398
10,AddTempZoneEvent,addtempzone,0x2b46688
11,AIOrderCancelledEvent,aiordercancelled,0x2b43748
12,AIOrderFinishedEvent,aiorderfinished,0x2b42f30
13,AIOrderParamEditedEvent,aiorderparamedited,0x2b42ef8
14,AIOrderReadyEvent,aiorderready,0x2b43780
15,AIOrderSyncPointReleasedEvent,aiordersyncpointreleased,0x2b42fa0
16,AirlockCycledEvent,airlockcycled,0x2b42440
17,AlertLevelChangedEvent,alertlevelchanged,0x2b44d28
18,AmmoChangedEvent,ammochanged,0x2b42600
19,AnimationTickedEvent,animationticked,0x2c198d8
20,AnimationTimerExpiredEvent,animationtimerexpired,0x2b4bed0
21,ApproachingWaypointEvent,approachingwaypoint,0x2b45700
22,AreaDamageTriggeredEvent,areadamagetriggered,0x2b42248
23,ArrivedAtWaypointEvent,arrivedatwaypoint,0x2b4bb50
24,AssignHiredActorEvent,assignhiredactor,0x2b42b40
25,AttachBombEvent,attachbomb,0x2b26de0
26,AttachmentEnteredEvent,attachmententered,0x2b43048
27,AttachmentLeftEvent,attachmentleft,0x2b42868
28,AttachShipToDockEvent,attachshiptodock,0x2b461b8
29,AttackedEvent,attacked,0x2b45a48
30,AttackedComponentEvent,attackedcomponent,0x2b45a10
31,AttackStartedEvent,attackstarted,0x2b43b00
32,AttackStoppedEvent,attackstopped,0x2b43ac8
33,AutoPilotDeactivatedEvent,autopilotdeactivated,0x2acf6d0
34,AutoPilotTargetSetEvent,autopilottargetset,0x2b433c8
35,BecameFormationLeaderEvent,becameformationleader,0x2b4baa8
36,BecameFormationWingmanEvent,becameformationwingman,0x2b4ba70
37,BoardingOperationAbortedEvent,boardingoperationaborted,0x2b44078
38,BoardingOperationCreatedEvent,boardingoperationcreated,0x2b44008
39,BoardingOperationRemovedEvent,boardingoperationremoved,0x2b43f60
40,BoardingOperationStartedEvent,boardingoperationstarted,0x2b440b0
41,BoardingPhaseChangedEvent,boardingphasechanged,0x2b43f28
42,BoardingSupportFailedEvent,boardingsupportfailed,0x2b4bd48
43,BoardingSupportRequestedEvent,boardingsupportrequested,0x2b43f98
44,BoardingSupportSucceededEvent,boardingsupportsucceeded,0x2b4bd10
45,BoardingTriggeredEvent,boardingtriggered,0x2b43fd0
46,BombAttachedEvent,bombattached,0x2b47300
47,BombDefusedEvent,bombdefused,0x2b47290
48,BoostChargeFinishedEvent,boostchargefinished,0x2a86cb8
49,BoostChargeStartedEvent,boostchargestarted,0x2a86d98
50,BoostChargeAbortedEvent,boostchargestopped,0x2a86cf0
51,BoostDisabledEvent,boostdisabled,0x2b4c100
52,BoostStartedEvent,booststarted,0x2a86d28
53,BoostStoppedEvent,booststopped,0x2a86d60
54,BuildCancelledEvent,buildcancelled,0x2b46c00
55,BuildFinishedEvent,buildfinished,0x2b46ce0
56,BuildFinishedComponentsEvent,buildfinishedcomponents,0x2b46ca8
57,BuildPausedEvent,buildpaused,0x2b46b58
58,BuildPlotChangedEvent,buildplotchanged,0x2b46d88
59,BuildResumedEvent,buildresumed,0x2b46b90
60,BuildStartedEvent,buildstarted,0x2b46c38
61,BuildStorageMovedEvent,buildstoragemoved,0x2a5eb68
62,BuildTaskAddedEvent,buildtaskadded,0x2b46b20
63,BuildTaskLoadoutAppliedEvent,buildtaskloadoutapplied,0x2b46a78
64,CameraEnteredEvent,cameraentered,0x2b4c090
65,CameraLeftEvent,cameraleft,0x2b4c058
66,CeaseFireEvent,ceasefire,0x2b46810
67,ChangedAdjacentZoneAttentionEvent,changedadjacentzoneattention,0x2a5eba0
68,ChangedAssignmentEvent,changedassignment,0x2b45038
69,ChangedAttentionEvent,changedattention,0x2b44e40
70,ChangedClusterEvent,changedcluster,0x2b458c0
71,ChangeDefenceDroneModeEvent,changedefencedronemode,0x2b44938
72,ChangedEnvironmentObjectEvent,changedenvironmentobject,0x2b457a8
73,ChangedHiddenStateEvent,changedhiddenstate,0x2b44eb0
74,ChangedHighwaySectionEvent,changedhighwaysection,0x2ab55a0
75,ChangedNameEvent,changedname,0x2b45770
76,ChangedObjectEvent,changedobject,0x2b45ce8
77,ChangedOwnerEvent,changedowner,0x2b45818
78,ChangedOwnershipContestedEvent,changedownershipcontested,0x2b456c8
79,ChangedPlayerActivityEvent,changedplayeractivity,0x2ae5910
80,ChangedRoomEvent,changedroom,0x2b45e00
81,ChangedSceneEvent,changedscene,0x2b45888
82,ChangedSectorEvent,changedsector,0x2b458f8
83,ChangedStateEvent,changedstate,0x2b44ee8
84,ChangedSubordinateGroupEvent,changedsubordinategroup,0x2b45000
85,ChangedTrueOwnerEvent,changedtrueowner,0x2b457e0
86,ChangedZoneEvent,changedzone,0x2b45850
87,ChangeGeometryStateEvent,changegeometrystate,0x2b463e8
88,ChangeMiningDroneModeEvent,changeminingdronemode,0x2b44900
89,ChangeMovementEvent,changemovement,0x2b463b0
90,ChangeRoomEvent,changeroom,0x2b465e0
91,ChangeTransportDroneModeEvent,changetransportdronemode,0x2b447e8
92,CharacterAnimationFinishedEvent,characteranimationfinished,0x2b46618
93,CharacterAnimationStartedEvent,characteranimationstarted,0x2b46650
94,ClaimedAsSalvageEvent,claimedassalvage,0x2b46fb8
95,ClaimedShipEvent,claimedship,0x2b435c0
96,ClearCollidingObjectEvent,clearcollidingobject,0x2b26cc8
97,ClusterAddedEvent,clusteradded,0x2b44660
98,ClusterRemovedEvent,clusterremoved,0x2b44628
99,CockpitToggledEvent,cockpittoggled,0x2b4b840
100,CockpitViewActivatedEvent,cockpitviewactivated,0x2b4b920
101,CollectedAmmoEvent,collectedammo,0x2b467d8
102,CollectedPowerUpEvent,collectedpowerup,0x2a5ea18
103,CollectedResourceEvent,collectedresource,0x2b46848
104,CollectedWareEvent,collectedware,0x2b46768
105,CollectWareFailedEvent,collectwarefailed,0x2b45f88
106,CollisionEvent,collision,0x2b422f0
107,CommanderSetEvent,commanderset,0x2b45658
108,ComponentDismantledEvent,componentdismantled,0x2b47108
109,ConstructionSequenceGeneratedEvent,constructionsequencegenerated,0x2b42de0
110,ControlEntityAddedEvent,controlentityadded,0x2b45b98
111,ControlEntityRemovedEvent,controlentityremoved,0x2b45b60
112,ControlStartedEvent,controlstarted,0x2b45c08
113,ControlStoppedEvent,controlstopped,0x2b45bd0
114,ConversationFinishedEvent,conversationfinished,0x2b43cc0
115,ConversationNextSectionEvent,conversationnextsection,0x2b43c50
116,ConversationReturnedToSectionEvent,conversationreturnedtosection,0x2b43c18
117,ConversationStartedEvent,conversationstarted,0x2b43cf8
118,CooldownFinishedEvent,cooldownfinished,0x2b26c58
119,CountermeasureLaunchedEvent,countermeasurelaunched,0x2b45348
120,CrateEnteredEvent,crateentered,0x2b45dc8
121,CrateLeftEvent,crateleft,0x2b45d90
122,CrateOpenedEvent,crateopened,0x2b45e38
123,CutsceneCameraCreatedEvent,cutscenecameracreated,0x2c086f8
124,CutsceneReadyEvent,cutsceneready,0x2c08840
125,CutsceneSignalEvent,cutscenesignal,0x2c08878
126,CutsceneStartedEvent,cutscenestarted,0x2c08808
127,CutsceneStoppedEvent,cutscenestopped,0x2c088b0
128,CycledActiveWeaponAmmoEvent,cycledactiveweaponammo,0x2a868c8
129,DamageEvent,damage,0x2b469d0
130,DataVaultUnlockedEvent,datavaultunlocked,0x2b41eb8
131,DeactivateEvent,deactivate,0x2a5e970
132,DeployableFinishedLaunchingEvent,deployablefinishedlaunching,0x2a86890
133,DestructibleChangedStateEvent,destructiblechangedstate,0x2b454d0
134,DestructibleRepairedEvent,destructiblerepaired,0x2b43198
135,DetachedFromMassTrafficEvent,detachedfrommasstraffic,0x2b26da8
136,DetachShipFromDockEvent,detachshipfromdock,0x2b46180
137,DiplomacyActionOperationAbortedEvent,diplomacyactionoperationaborted,0x2b43ef0
138,DiplomacyActionOperationCompletedEvent,diplomacyactionoperationcompleted,0x2b43eb8
139,DiplomacyActionOperationCreatedEvent,diplomacyactionoperationcreated,0x2b43e80
140,DiplomacyActionOperationStartedEvent,diplomacyactionoperationstarted,0x2b43e48
141,DiplomacyEventOperationAbortedEvent,diplomacyeventoperationaborted,0x2b43e10
142,DiplomacyEventOperationCompletedEvent,diplomacyeventoperationcompleted,0x2b43dd8
143,DiplomacyEventOperationCreatedEvent,diplomacyeventoperationcreated,0x2b43da0
144,DiplomacyEventOperationOptionChosenEvent,diplomacyeventoperationoptionchosen,0x2b43630
145,DiplomacyEventOperationStartedEvent,diplomacyeventoperationstarted,0x2b43d68
146,DismantledEvent,dismantled,0x2b470d0
147,DismantledComponentEvent,dismantledcomponent,0x2b46ff0
148,DismantlingFailedEvent,dismantlingfailed,0x2b47140
149,DismantlingFinishedEvent,dismantlingfinished,0x2b47098
150,DistressDroneLaunchedEvent,distressdronelaunched,0x2b449a8
151,DockAssignedEvent,dockassigned,0x2b45070
152,DockedEvent,docked,0x2b46378
153,DockingAbortedEvent,dockingaborted,0x2b46110
154,DockingBayAvailableEvent,dockingbayavailable,0x2b429f0
155,DockingDeniedEvent,dockingdenied,0x2b46298
156,DockingImpossibleEvent,dockingimpossible,0x2b46260
157,DockingQueuedEvent,dockingqueued,0x2a5e9a8
158,DockingStartedEvent,dockingstarted,0x2b46340
159,DockTooFarEvent,docktoofar,0x2b46148
160,DockUnassignedEvent,dockunassigned,0x2b45118
161,DroppedObjectEvent,droppedobject,0x2b43588
162,EfficiencyResetEvent,efficiencyreset,0x2a869e0
163,EjectedEvent,ejected,0x2a5e900
164,EjectingEvent,ejecting,0x2ae5868
165,EjectNPCsEvent,ejectnpcs,0x2b43550
166,EjectPeopleEvent,ejectpeople,0x2b43518
167,EjectRecyclableEvent,ejectrecyclable,0x2b423d0
168,EmptyWeaponGroupFiredEvent,emptyweapongroupfired,0x2b42ad0
169,EnteredAnomalyEvent,enteredanomaly,0x2b46458
170,EnteredGateEvent,enteredgate,0x2b46500
171,EntityChangedOwnerEvent,entitychangedowner,0x2b45fc0
172,EntityChangedTrueOwnerEvent,entitychangedtrueowner,0x2b45ea8
173,EntityEnteredEvent,entityentered,0x2b45e70
174,EntityHiddenStateChangedEvent,entityhiddenstatechanged,0x2b45ee0
175,EntityLeftEvent,entityleft,0x2b45f18
176,EntityTransportationFinishedEvent,entitytransportationfinished,0x2b46490
177,ExplorationChartCompletedEvent,explorationchartcompleted,0x2b41e10
178,ExternalTargetViewActivatedEvent,externaltargetviewactivated,0x2b4b7d0
179,ExternalViewActivatedEvent,externalviewactivated,0x2b4b8e8
180,FactionActivatedEvent,factionactivated,0x2b44b30
181,FactionDeactivatedEvent,factiondeactivated,0x2b44bd8
182,FactionHeadquartersChangedEvent,factionheadquarterschanged,0x2b443c0
183,FactionPoliceChangedEvent,factionpolicechanged,0x2b44ba0
184,FactionRelationChangedEvent,factionrelationchanged,0x2b44d60
185,FactionRelationRangeChangedEvent,factionrelationrangechanged,0x2b44cb8
186,FactionRepresentativeChangedEvent,factionrepresentativechanged,0x2b44388
187,FadeOutEffectEvent,fadeouteffect,0x2b4ba38
188,FindTargetEvent,findtarget,0x2a86c80
189,FlightControlStartedEvent,flightcontrolstarted,0x2b45c78
190,FlightControlStoppedEvent,flightcontrolstopped,0x2b45c40
191,FloatingViewActivatedEvent,floatingviewactivated,0x2b4b798
192,FlyInMassTrafficEvent,flyinmasstraffic,0x2b3af50
193,FogOfWarChangedEvent,fogofwarchanged,0x2b42520
194,FormationUpdateFailedEvent,formationupdatefailed,0x2b4bae0
195,FormationUpdateSucceededEvent,formationupdatesucceeded,0x2b4bb18
196,GameLoadedEvent,gameloaded,0x2b43a20
197,GameOverEvent,gameover,0x2b47648
198,GameSavedEvent,gamesaved,0x2b439e8
199,GameStartedEvent,gamestarted,0x2b43978
200,GameTriggerEvent,gametrigger,0x2b46420
201,GenerateMazesEvent,generatemazes,0x2b46ea0
202,GeneratePropsEvent,generateprops,0x2a5eaf8
203,GetUpEvent,getup,0x29eded8
204,GodCreatedFactoryEvent,godcreatedfactory,0x2b42e88
205,GodCreatedObjectEvent,godcreatedobject,0x2b42d38
206,GodCreatedShipEvent,godcreatedship,0x2b42d70
207,GodCreatedStationEvent,godcreatedstation,0x2b42ec0
208,GravidarAddedEvent,gravidaradded,0x2b4bc68
209,GravidarFactorChangedEvent,gravidarfactorchanged,0x2b42478
210,GravidarFoundDropsEvent,gravidarfounddrops,0x2b46a40
211,GravidarFoundEnemyEvent,gravidarfoundenemy,0x2b46a08
212,GravidarHasScannedEvent,gravidarhasscanned,0x2b4bb88
213,HackedEvent,hacked,0x2b44238
214,HackExpiredEvent,hackexpired,0x2a86af8
215,HUDToggledEvent,hudtoggled,0x2b428a0
216,HullAboveFunctionThresholdEvent,hullabovefunctionthreshold,0x2b44dd0
217,HullBelowFunctionThresholdEvent,hullbelowfunctionthreshold,0x2b44e78
218,HullDamagedEvent,hulldamaged,0x2b45578
219,HullRepairedEvent,hullrepaired,0x2b45540
220,HullResetEvent,hullreset,0x2b45428
221,IllegalActivityDetectedEvent,illegalactivitydetected,0x2b44040
222,IncomingMessageEvent,incomingmessage,0x2b42088
223,IncomingMessageReadEvent,incomingmessageread,0x2b420f8
224,IncomingMissileEvent,incomingmissile,0x2b44468
225,InfluenceUpdatedEvent,influenceupdated,0x2b43d30
226,InteriorsDespawningEvent,interiorsdespawning,0x2a5eac0
227,InventoryWaresAddedEvent,inventorywaresadded,0x2b43940
228,InventoryWaresRemovedEvent,inventorywaresremoved,0x2b43908
229,JobShipActivatedEvent,jobshipactivated,0x2b42da8
230,JoinedFormationEvent,joinedformation,0x2b4bbc0
231,KillEvent,kill,0x2b472c8
232,KillCheckEvent,killcheck,0x2a5ebd8
233,KilledEvent,killed,0x2b471b0
234,KilledComponentEvent,killedcomponent,0x2b47178
235,LaserTowerLaunchedEvent,lasertowerlaunched,0x2b453b8
236,LeaveScenarioConsoleEvent,leavescenarioconsole,0x2ae57f8
237,LeftFormationEvent,leftformation,0x2b4bbf8
238,LicenceAddedEvent,licenceadded,0x2b44c80
239,LicenceLostEvent,licencelost,0x2b44b68
240,LockAcquiredEvent,lockacquired,0x2b44318
241,LockboxOpenedEvent,lockboxopened,0x2b42b78
242,LockInitiatedEvent,lockinitiated,0x2b44200
243,LockLostEvent,locklost,0x2b441c8
244,LongRangeScanPingEvent,longrangescanping,0x2b442a8
245,LongRangeScanSentEvent,longrangescansent,0x2b44350
246,MappedBoundsChangedEvent,mappedboundschanged,0x2b42558
247,MassTrafficNetworkRemovedEvent,masstrafficnetworkremoved,0x2b462d0
248,MineLaunchedEvent,minelaunched,0x2b45268
249,MissileLaunchedEvent,missilelaunched,0x2b444a0
250,MissionInfoUpdateEvent,missioninfoupdate,0x2b4be28
251,MissionObjectiveBarUpdateEvent,missionobjectivebarupdate,0x2b4bdf0
252,MissionObjectiveHintUpdateEvent,missionobjectivehintupdate,0x2b440e8
253,MissionOfferAddedEvent,missionofferadded,0x2c0b988
254,MissionOfferRemovedEvent,missionofferremoved,0x2c0b9f8
255,MissionOfferUpdatedEvent,missionofferupdated,0x2b44510
256,MissionRemovedEvent,missionremoved,0x2c0b9c0
257,MoneyUpdatedEvent,moneyupdated,0x2b444d8
258,MovedIntoInternalStorageEvent,movedintointernalstorage,0x2b46068
259,NavBeaconLaunchedEvent,navbeaconlaunched,0x2b452d8
260,NavHelperGeneratedEvent,navhelpergenerated,0x2b4b8b0
261,NavHelperRegeneratedEvent,navhelperregenerated,0x2b4b878
262,NotificationFreedEvent,notificationfreed,0x29edf10
263,NPCCreatedEvent,npccreated,0x2b46e68
264,NPCFinishWalkEvent,npcfinishwalk,0x2b466c0
265,NPCSlotsValidatedEvent,npcslotsvalidated,0x2b430f0
266,NPCWalkFinishedEvent,npcwalkfinished,0x2ae5b08
267,ObjectAbandonedEvent,objectabandoned,0x2a5e8c8
268,ObjectChangedOwnerEvent,objectchangedowner,0x2b459d8
269,ObjectChangedStateEvent,objectchangedstate,0x2b459a0
270,ObjectChangedStateInLiveViewEvent,objectchangedstateinliveview,0x2b434e0
271,ObjectChangedTrueOwnerEvent,objectchangedtrueowner,0x2b45188
272,ObjectCollidedEvent,objectcollided,0x2b43710
273,ObjectCommanderSetEvent,objectcommanderset,0x2b44f90
274,ObjectDefenceDroneModeChangedEvent,objectdefencedronemodechanged,0x2b447b0
275,ObjectDefenceDronesArmedEvent,objectdefencedronesarmed,0x2a86b68
276,ObjectDefenceDronesDisarmedEvent,objectdefencedronesdisarmed,0x2a86a18
277,ObjectDockAssignedEvent,objectdockassigned,0x2b450e0
278,ObjectDockedEvent,objectdocked,0x2b45150
279,ObjectDockingStartedEvent,objectdockingstarted,0x2b451f8
280,ObjectDockUnassignedEvent,objectdockunassigned,0x2b44fc8
281,ObjectEnteredEvent,objectentered,0x2b45968
282,ObjectEnteredLiveViewEvent,objectenteredliveview,0x2b4bdb8
283,ObjectEnteredPlayerViewEvent,objectenteredplayerview,0x2b4b990
284,ObjectLaunchedCountermeasureEvent,objectlaunchedcountermeasure,0x2b45310
285,ObjectLaunchedDistressDroneEvent,objectlauncheddistressdrone,0x2b44970
286,ObjectLaunchedLaserTowerEvent,objectlaunchedlasertower,0x2b45380
287,ObjectLaunchedMineEvent,objectlaunchedmine,0x2b45230
288,ObjectLaunchedNavBeaconEvent,objectlaunchednavbeacon,0x2b452a0
289,ObjectLaunchedResourceProbeEvent,objectlaunchedresourceprobe,0x2b44a50
290,ObjectLaunchedSatelliteEvent,objectlaunchedsatellite,0x2b44ac0
291,ObjectLeftEvent,objectleft,0x2b45930
292,ObjectLeftLiveViewEvent,objectleftliveview,0x2b4bd80
293,ObjectLeftPlayerViewEvent,objectleftplayerview,0x2b4b958
294,ObjectMiningDroneModeChangedEvent,objectminingdronemodechanged,0x2b44858
295,ObjectMiningDronesArmedEvent,objectminingdronesarmed,0x2a86a50
296,ObjectMiningDronesDisarmedEvent,objectminingdronesdisarmed,0x2a86a88
297,ObjectMovedIntoInternalStorageEvent,objectmovedintointernalstorage,0x2b46030
298,ObjectOpenedLockboxEvent,objectopenedlockbox,0x2b42c20
299,ObjectPickedUpEvent,objectpickedup,0x2b45f50
300,ObjectRelationRangeChangedEvent,objectrelationrangechanged,0x2b44c10
301,ObjectRetrievedFromInternalStorageEvent,objectretrievedfrominternalstorage,0x2b460a0
302,ObjectSignalledEvent,objectsignalled,0x2b43438
303,ObjectTransportDroneModeChangedEvent,objecttransportdronemodechanged,0x2b44820
304,ObjectTransportDronesArmedEvent,objecttransportdronesarmed,0x2a86ac0
305,ObjectTransportDronesDisarmedEvent,objecttransportdronesdisarmed,0x2a869a8
306,ObjectTriggeredEvent,objecttriggered,0x2b436d8
307,ObjectUndockedEvent,objectundocked,0x2b451c0
308,ObjectUndockingStartedEvent,objectundockingstarted,0x2b450a8
309,ObjectWeaponModeChangedEvent,objectweaponmodechanged,0x2b44e08
310,ObservationStartedEvent,observationstarted,0x2b43a90
311,ObservationStoppedEvent,observationstopped,0x2b43a58
312,,onlinemissionofferrequested,
313,,onlineoperationupdated,
314,OpenLockboxEvent,openlockbox,0x2b42be8
315,OpenScenarioSelectionMenuEvent,openscenarioselectionmenu,0x2b42360
316,OutOfAmmoEvent,outofammo,0x2b46928
317,OxygenEmptyEvent,oxygenempty,0x2b26c20
318,OxygenLowEvent,oxygenlow,0x2b42cc8
319,PaidBuildPlotChangedEvent,paidbuildplotchanged,0x2b46c70
320,PauseEvent,pause,0x2b4bf40
321,PerformTransporterTransitionEvent,performtransportertransition,0x2b465a8
322,PhaseStartedEvent,phasestarted,0x2b424b0
323,PhysicalChildAddedEvent,physicalchildadded,0x2b44f58
324,PhysicalChildChangedSizeEvent,physicalchildchangedsize,0x2b44f20
325,PhysicalChildRemovedEvent,physicalchildremoved,0x2b45508
326,PickedUpObjectEvent,pickedupobject,0x2b45ff8
327,PlatformActorCreatedEvent,platformactorcreated,0x2b43ba8
328,PlatformTriggerActivatedEvent,platformtriggeractivated,0x2b43160
329,PlatformTriggerDeactivatedEvent,platformtriggerdeactivated,0x2b43128
330,PlatformTriggerUnlockedEvent,platformtriggerunlocked,0x2b430b8
331,PlayAmmunitionReloadFinishedSoundEvent,playammunitionreloadfinishedsound,0x2b26d38
332,PlayerAlertEvent,playeralert,0x2b434a8
333,PlayerBlueprintAddedEvent,playerblueprintadded,0x2b46960
334,PlayerBuildTaskAddedEvent,playerbuildtaskadded,0x2b46ae8
335,PlayerCameraModeChangedEvent,playercameramodechanged,0x2b3af88
336,PlayerChangedTargetEvent,playerchangedtarget,0x2b43358
337,PlayerCraftedAmmoEvent,playercraftedammo,0x2b46880
338,PlayerCreatedEvent,playercreated,0x2ae5830
339,PlayerDetectedObjectEvent,playerdetectedobject,0x2b47568
340,PlayerDiscoveredComponentEvent,playerdiscoveredcomponent,0x2b47680
341,PlayerDiscoveredMissionOfferEvent,playerdiscoveredmissionoffer,0x2b476b8
342,PlayerHackedObjectEvent,playerhackedobject,0x2b44120
343,PlayerInteractionEvent,playerinteraction,0x2b455b0
344,PlayerInterfaceUpdatedEvent,playerinterfaceupdated,0x2ae58d8
345,PlayerOwnedObjectAttackedObjectEvent,playerownedobjectattackedobject,0x2b45ab8
346,PlayerOwnedObjectCollectedResourceEvent,playerownedobjectcollectedresource,0x2b46730
347,PlayerOwnedObjectDroppedObjectEvent,playerownedobjectdroppedobject,0x2b43470
348,PlayerOwnedObjectKilledObjectEvent,playerownedobjectkilledobject,0x2b471e8
349,PlayerOwnedObjectKilledEvent,playerownedobjectwaskilled,0x2b47220
350,PlayerPriceModifierAddedEvent,playerpricemodifieradded,0x2b468f0
351,PlayerPriceModifiersUpdatedEvent,playerpricemodifiersupdated,0x2ae5b40
352,PlayerResearchAddedEvent,playerresearchadded,0x2b468b8
353,PlayerShipHitEvent,playershiphit,0x2b45a80
354,PlayerTradeDiscoveredEvent,playertradediscovered,0x2b47530
355,PlayerVisibleRoomAddedEvent,playervisibleroomadded,0x2b42c90
356,PlayerVisibleRoomRemovedEvent,playervisibleroomremoved,0x2b42c58
357,PlayerWarningEvent,playerwarning,0x2b43be0
358,PlayRandomNoiseEvent,playrandomnoise,0x2b44708
359,PlaySoundEvent,playsound,0x2b44190
360,POIAddedEvent,poiadded,0x2b4be98
361,POIRemovedEvent,poiremoved,0x2b4be60
362,PrimaryWeaponRangeRequestedEvent,primaryweaponrangerequested,0x2b42f68
363,ProcessAssignedRecyclableObjectEvent,processassignedrecyclableobject,0x2b42018
364,ProcessingModuleAvailableEvent,processingmoduleavailable,0x2b41fa8
365,ProductionCancelledEvent,productioncancelled,0x2b46f48
366,ProductionFinishedEvent,productionfinished,0x2b46f10
367,ProductionPausedEvent,productionpaused,0x2b46f80
368,ProductionResumedEvent,productionresumed,0x2b46ed8
369,ProductionStartedEvent,productionstarted,0x2b47028
370,PropsDespawningEvent,propsdespawning,0x2b46df8
371,PropsGeneratedEvent,propsgenerated,0x2b46e30
372,PurgeBoardingOperationEvent,purgeboardingoperation,0x2b47418
373,PurgeBuildTaskEvent,purgebuildtask,0x2b47370
374,PurgeOperationEvent,purgeoperation,0x2b473e0
375,PurgeTradeEvent,purgetrade,0x2b473a8
376,RadarVisibilityChangedEvent,radarvisibilitychanged,0x2b46d50
377,RecyclableEjectedEvent,recyclableejected,0x2a86858
378,RecyclableNearFurnaceEvent,recyclablenearfurnace,0x2b41f70
379,RecyclableProcessedEvent,recyclableprocessedevent,0x2b41fe0
380,RecyclableProcessingStartedEvent,recyclableprocessingstartedevent,0x2b41f38
381,RegionAsteroidMinedEvent,regionasteroidmined,0x2b466f8
382,RelationChangedEvent,relationchanged,0x2b44d98
383,RelationRangeChangedEvent,relationrangechanged,0x2b44c48
384,RemoveCollisionFilterEvent,removecollisionfilter,0x2b43208
385,RemovedFromFormationEvent,removedfromformation,0x2ae59f0
386,RemoveRegionObjectsEvent,removeregionobjects,0x2b4b9c8
387,RemoveTempComponentEvent,removetempcomponent,0x2b3af18
388,RepairEvent,repair,0x2b46998
389,RepairRequestedEvent,repairrequested,0x2b435f8
390,ReplacePhysicsShapesEvent,replacephysicsshapes,0x2b42050
391,ResetDockStateEvent,resetdockstate,0x2a86900
392,ResetZoomGogglesEvent,resetzoomgoggles,0x2ae5750
393,ResourceAreaActivatedEvent,resourceareaactivated,0x2b422b8
394,ResourceAreaRespawnJobFinishedEvent,resourcearearespawnjobfinished,0x2b41e48
395,ResourceAreaSpawnedEvent,resourceareaspawned,0x2b42280
396,ResourceAreaDepletedEvent,resourceareadepleted,0x2b41e80
397,ResourceProbeLaunchedEvent,resourceprobelaunched,0x2b44a88
398,RestoreEvent,restore,0x2b47610
399,RestoredEvent,restored,0x2a86c48
400,ResumeEvent,resume,0x2b4bf08
401,RetrievedFromInternalStorageEvent,retrievedfrominternalstorage,0x2b460d8
402,ReturnUnitEvent,returnunit,0x2b43668
403,SalvageClaimLostEvent,salvageclaimlost,0x2b47060
404,SatelliteLaunchedEvent,satellitelaunched,0x2b44af8
405,ScanAbortedEvent,scanaborted,0x2b44430
406,ScanFinishedEvent,scanfinished,0x2b443f8
407,ScanStartedEvent,scanstarted,0x2b442e0
408,ScenarioConsoleLeftEvent,scenarioconsoleleft,0x2ae57c0
409,SectorAddedEvent,sectoradded,0x2b446d0
410,SectorChangedOwnerEvent,sectorchangedowner,0x2b45690
411,SectorChangedTrueOwnerEvent,sectorchangedtrueowner,0x2b45738
412,SectorRemovedEvent,sectorremoved,0x2b44698
413,SectorResourceDepletedEvent,sectorresourcedepleted,0x2b467a0
414,SensorTriggeredEvent,sensortriggered,0x2b3aee0
415,SetDetectedResourceAreaOverlapFractionEvent,setdetectedresourceareaoverlapfraction,0x2b41ef0
416,SetKnownToPlayerEvent,setknowntoplayer,0x2ae5a28
417,SetMinHullValueEvent,setminhullvalue,0x2b439b0
418,SetStoreShipAllowedEvent,setstoreshipallowed,0x2a86938
419,SetTerraformingPlanetTextureEvent,setterraformingplanettexture,0x2b42328
420,ShieldDamagedEvent,shielddamaged,0x2b453f0
421,ShieldRepairedEvent,shieldrepaired,0x2b45498
422,ShipBuiltEvent,shipbuilt,0x2b46bc8
423,ShootTargetRemovedEvent,shoottargetremoved,0x2b426a8
424,ShootTargetSetEvent,shoottargetset,0x2b427f8
425,SignalLeakRepairedEvent,signalleakrepaired,0x2b431d0
426,SignalLeaksCreatedEvent,signalleakscreated,0x2b43010
427,SignalNextEnvMapProbeRenderEvent,signalnextenvmapproberender,0x2b4b808
428,SignalUnlockFailedEvent,signalunlockfailed,0x2b43278
429,SignalUnlockFinishedEvent,signalunlockfinished,0x2b43320
430,SignalUnlockImpossibleEvent,signalunlockimpossible,0x2b432e8
431,SignalUnlockStartedEvent,signalunlockstarted,0x2b432b0
432,SpaceReservationExpiredEvent,spacereservationexpired,0x2b46570
433,SpawnSurfaceAttachmentEvent,spawnsurfaceattachment,0x2b42fd8
434,SpeakFinishedEvent,speakfinished,0x2b43c88
435,SpeakLineFinishedEvent,speaklinefinished,0x2b43b38
436,SpeakTimerTriggeredEvent,speaktimertriggered,0x2b43b70
437,StanceActivatedEvent,stanceactivated,0x2b42210
438,StartAmmunitionReloadEvent,startammunitionreload,0x2b26d70
439,StartBoostEvent,startboost,0x2b4c138
440,StartControlEvent,startcontrol,0x2ae59b8
441,StartDialogEvent,startdialog,0x2b4bfb0
442,StartedAimingEvent,startedaiming,0x2b42718
443,StartedShootingEvent,startedshooting,0x2b04c70
444,StartPhaseEvent,startphase,0x2b424e8
445,StartTravelModeEvent,starttravelmode,0x2b4bfe8
446,StationBuiltEvent,stationbuilt,0x2b46ab0
447,StopBoostEvent,stopboost,0x2a86dd0
448,StopCameraAnimationEvent,stopcameraanimation,0x2ae5788
449,StopControlEvent,stopcontrol,0x2ae5980
450,StopDialogEvent,stopdialog,0x2b4bf78
451,StopEnvMapProbeRenderEvent,stopenvmapproberender,0x2b41af0
452,StoppedAimingEvent,stoppedaiming,0x2b04ce0
453,StoppedShootingEvent,stoppedshooting,0x2b04ca8
454,StopSoundEvent,stopsound,0x2b44158
455,StopTravelModeEvent,stoptravelmode,0x2b46d18
456,SubordinateAddedEvent,subordinateadded,0x2b45620
457,SubordinatePromotedEvent,subordinatepromoted,0x2b45b28
458,SubordinateRemovedEvent,subordinateremoved,0x2b45af0
459,SupplyOrderWaresAddedEvent,supplyorderwaresadded,0x2b43860
460,SupplyOrderWaresRemovedEvent,supplyorderwaresremoved,0x2b43828
461,SupplyWaresAddedEvent,supplywaresadded,0x2b437f0
462,SupplyWaresRemovedEvent,supplywaresremoved,0x2b437b8
463,TakeShipFromStorageEvent,takeshipfromstorage,0x2b42d00
464,TargetInvalidEvent,targetinvalid,0x2b455e8
465,TargetLostEvent,targetlost,0x2b44270
466,TeleportEvent,teleport,0x2b45d58
467,TeleportFailedEvent,teleportfailed,0x2b46308
468,TeleportSuccessfulEvent,teleportsuccessful,0x2b45d20
469,TempComponentAddedEvent,tempcomponentadded,0x2b44778
470,TempComponentRemovedEvent,tempcomponentremoved,0x2b44740
471,TempZoneAddedEvent,tempzoneadded,0x2b445f0
472,TempZoneRemovedEvent,tempzoneremoved,0x2b445b8
473,TerraformingEventAvailableEvent,terraformingeventavailable,0x2b42130
474,TerraformingEventCompletedEvent,terraformingeventcompleted,0x2b42168
475,TerraformingEventStartedEvent,terraformingeventstarted,0x2b42948
476,TerraformingHabitabilityChangedEvent,terraforminghabitabilitychanged,0x2a5e890
477,TerraformingProjectAvailableEvent,terraformingprojectavailable,0x2b42980
478,TerraformingProjectCompletedEvent,terraformingprojectcompleted,0x2b42a28
479,TerraformingProjectFailedEvent,terraformingprojectfailed,0x2b428d8
480,TerraformingProjectProductionStartedEvent,terraformingprojectproductionstarted,0x2b429b8
481,TerraformingProjectStartedEvent,terraformingprojectstarted,0x2b42a60
482,TerraformingProjectSucceededEvent,terraformingprojectsucceeded,0x2b42910
483,TerraformingStatAddedEvent,terraformingstatadded,0x2b421d8
484,TerraformingStatChangedEvent,terraformingstatchanged,0x2b420c0
485,TerraformingStatRemovedEvent,terraformingstatremoved,0x2b421a0
486,TimeWarpCancelledEvent,timewarpcancelled,0x2ae5948
487,TimeWarpFailedEvent,timewarpfailed,0x2ae58a0
488,TimeWarpStartedEvent,timewarpstarted,0x2acf698
489,TimeWarpStoppedEvent,timewarpstopped,0x2acf660
490,TradeCancelledEvent,tradecancelled,0x2b474c0
491,TradeCargoArrivedEvent,tradecargoarrived,0x2b47450
492,TradeCargoDepartedEvent,tradecargodeparted,0x2b47488
493,TradeCargoDestroyedEvent,tradecargodestroyed,0x2b474f8
494,TradeCompletedEvent,tradecompleted,0x2b475a0
495,TradeStartedEvent,tradestarted,0x2b475d8
496,TrafficLevelChangedEvent,trafficlevelchanged,0x2b44cf0
497,TransitionEvent,transition,0x2b464c8
498,TransportedToOffsetEvent,transportedtooffset,0x2b45cb0
499,TravelDisabledEvent,traveldisabled,0x2b4c020
500,TravelModeChargeAbortedEvent,travelmodechargeaborted,0x2ae5a98
501,TravelModeChargeStartedEvent,travelmodechargestarted,0x2b46dc0
502,TravelModeStartedEvent,travelmodestarted,0x2ae5a60
503,TravelModeStoppedEvent,travelmodestopped,0x2ae5ad0
504,TriggerAnimationEvent,triggeranimation,0x2b47338
505,TryEjectRecyclableEvent,tryejectrecyclable,0x2b42408
506,TurretActivatedEvent,turretactivated,0x2b42788
507,TurretDeactivatedEvent,turretdeactivated,0x2b42750
508,TurretRangeRequestedEvent,turretrangerequested,0x2b42e18
509,UITriggeredEvent,uitriggered,0x2b43390
510,UndockedEvent,undocked,0x2b46228
511,UndockingClearedEvent,undockingcleared,0x2a86ba0
512,UndockingQueuedEvent,undockingqueued,0x2a5e9e0
513,UndockingStartedEvent,undockingstarted,0x2b461f0
514,UnitDestroyedEvent,unitdestroyed,0x2b436a0
515,UnitStartedBuildingEvent,unitstartedbuilding,0x2b3ae70
516,UnitStartedRepairingEvent,unitstartedrepairing,0x2b3ae00
517,UnitStoppedBuildingEvent,unitstoppedbuilding,0x2b3aea8
518,UnitStoppedRepairingEvent,unitstoppedrepairing,0x2b3ae38
519,UniverseGeneratedEvent,universegenerated,0x2b4c0c8
520,UnlockPlatformTriggersEvent,unlockplatformtriggers,0x2b42a98
521,UpdateBuildEvent,updatebuild,0x2a5eb30
522,UpdateDismantlingEvent,updatedismantling,0x2a86c10
523,UpdateEngineParametersEvent,updateengineparameters,0x2b4ba00
524,UpdateGravidarAccessEvent,updategravidaraccess,0x2b4bc30
525,UpdateGravidarCloakFactorEvent,updategravidarcloakfactor,0x2b4bca0
526,UpdateGravidarScanRadiusEvent,updategravidarscanradius,0x2b4bcd8
527,UpdateHoloMapEvent,updateholomap,0x2a5e858
528,UpdateMassTrafficInvolvementEvent,updatemasstrafficinvolvement,0x2b33580
529,UpdateTradeOffersEvent,updatetradeoffers,0x2a5ea88
530,UpdateZoneEvent,updatezone,0x2ae5718
531,VentureAbortedEvent,ventureaborted,0x2b42830
532,,venturecompleted,
533,,ventureshipadded,
534,,ventureshipremoved,
535,VerifyPathPointsEvent,verifypathpoints,0x2b43400
536,VoiceOutputEvent,voiceoutput,0x2a86bd8
537,VolatileWaresAddedEvent,volatilewaresadded,0x2b438d0
538,VolatileWaresRemovedEvent,volatilewaresremoved,0x2b43898
539,WarpEvent,warp,0x2b46538
540,WeaponActivatedEvent,weaponactivated,0x2b44a18
541,WeaponAmmoChangedEvent,weaponammochanged,0x2b42bb0
542,WeaponDeactivatedEvent,weapondeactivated,0x2b449e0
543,WeaponFiredEvent,weaponfired,0x2b45460
544,WeaponFireRangeRequestedEvent,weaponfirerangerequested,0x2b42e50
545,WeaponGroupActivatedEvent,weapongroupactivated,0x2b448c8
546,WeaponGroupChangedEvent,weapongroupchanged,0x2a86b30
547,WeaponGroupDeactivatedEvent,weapongroupdeactivated,0x2b44890
548,WeaponOverheatedEvent,weaponoverheated,0x2b26c90
549,WeaponShootTargetRemovedEvent,weaponshoottargetremoved,0x2b42670
550,WeaponShootTargetSetEvent,weaponshoottargetset,0x2b427c0
551,WeaponStartedAimingEvent,weaponstartedaiming,0x2b426e0
552,WeaponStartedShootingEvent,weaponstartedshooting,0x2b42590
553,WeaponStoppedAimingEvent,weaponstoppedaiming,0x2b425c8
554,WeaponStoppedShootingEvent,weaponstoppedshooting,0x2b42638
555,ZoneAddedEvent,zoneadded,0x2b44580
556,ZoneRemovedEvent,zoneremoved,0x2b44548
